{

"id_config": {
		"retailCalendar": {
			"wiki":"",
			"dl": "",
			"breadcrumb": "",
			"title": "Retail Calendar"
		},

		"inventoryselection": {
			"wiki":"https://wiki.vip.corp.ebay.com/x/kZyCEg",
			"dl": "DL-eBay-GRO-InventorySelection-Contact",
			"breadcrumb": "Event Optimization > Inventory Selection",
			"title" : "Inventory Selection"
		},

		"seasonality": {
			"wiki":"https://wiki.vip.corp.ebay.com/x/TY5QEw",
			"dl": "DL-eBay-GRO-EventPlanning-Contact",
			"breadcrumb": "Event Optimization > Seasonality",
			"title": "Seasonality"
		},

		"eventperformance": {
			"wiki":"https://wiki.vip.corp.ebay.com/x/9sWFEw",
			"dl": "DL-ebay-GRO-EventPerformance-Contact",
			"breadcrumb": "Event Optimization > Event Performance",
			"title": "Event Performance"
		},

		"eventmonitor": {
			"wiki":"https://wiki.vip.corp.ebay.com/x/TKxCEw",
			"dl": "DL-ebay-GRO-EventMonitor-Contact",
			"breadcrumb": "Event Optimization > Event Monitor",
			"title": "Event Monitor"
		},

		"inventoryHealth": {
			"wiki":"https://wiki.vip.corp.ebay.com/x/N-CREw",
			"dl": "DL-eBay-GRO-InventoryHealth-Contact@ebay.com",
			"breadcrumb": "Category Management > Inventory Health",
			"title": "Inventory Health"
		},

		"inventoryGaps": {
			"wiki":"https://wiki.vip.corp.ebay.com/x/42G3Eg",
			"dl": "DL-eBay-GRO-InventoryGaps-Contact",
			"breadcrumb": "Category Management > Inventory Gaps",
			"title": "Inventory Gaps"
		}

	},

	"menu":{
		"show_profile": true,
		"applogo": "${BASE}/resources/images/gro_logo_40_white.png",
		"dsslogo": "//nous.corp.ebay.com/uicommon/latest/img/dss_white.png",
		"text": "Global Retail Optimization",
		"href": "${BASE}/home/t/landing#_m=1",
		"items":
		[{
			"id" : "eventOpt",
			"text" : "Event Optimization",
			"img" : "${BASE}/resources/images/event.png",
			"borderColor" : "#ec2327",
			"items" :
			[{
				"id" : "retailCalendar",
			    "href" : "",
			   	"text" : "Retail Calendar",
			   	"disabled":true
			},
			{
				"id" : "seasonality",
				"href-comment" : "${BASE}/home/iframe/seasonlity?url=aHR0cDovL3BoeGRwZWJhMDA0LnBoeC5lYmF5LmNvbS9Tb2NpYWxDYWxlbmRhci9mcm9udGVuZC8=#_m=1&_mid=seasonality",
				"href" : "${BASE}/home/iframe/seasonlity?url=aHR0cDovL3BoeGRwZWJhMDA0LnBoeC5lYmF5LmNvbS9Tb2NpYWxDYWxlbmRhci9mcm9udGVuZC8=#_m=1&_mid=seasonality",
				"text" : "Seasonality"
			},
			{
				"id" : "inventoryselection",
				"href" : "${BASE}/home/iframe/inventoryselection?url=aHR0cDovL3NtYWdpYy5jb3JwLmViYXkuY29t#_m=1&_mid=inventoryselection",
				"text" : "Inventory Selection"
			},
			{
				"id" : "eventmanagement",
				"href": "",
				"text" : "Event Management",
				"disabled":true
			},
			{
				"id" : "eventperformance",
				"href" : "${BASE}/report/event_performance#_m=1&_mid=eventperformance",
				"text" : "Event Performance"
			},
			{
				"id" : "eventmonitor",
				"href" : "${BASE}/report/event_monitor#_m=1&_mid=eventmonitor",
				"href-comment" : "${BASE}/home/iframe/eventmonitor?url=Ly9rYWlyb3MuY29ycC5lYmF5LmNvbS9kZWFsLXJlYWx0aW1lL3Byb3h5Lmh0bWw=#_m=1&_mid=eventmonitor",
				"text" : "Event Monitor"
			}]
		},

		{
			"id" : "categoryMrg",
			"text" : "Category Management",
			"img" : "${BASE}/resources/images/category.png",
			"borderColor" : "#f2fa1b",
			"items" :
			[{
				"id" :  "inventoryHealth",
				"href" :"${BASE}/report/category_performance#_m=1&_mid=inventoryHealth",
				"text" : "Inventory Health"
			},
			{
				"id" : "inventoryGaps",
				"href" : "${BASE}/home/iframe/inventoryGaps?url=aHR0cDovL2ludmVudG9yeWdhcHMuY29ycC5lYmF5LmNvbS8=#_m=1&_mid=inventoryGaps",
				"text" : "Inventory Gaps"
			},
			{
				"id" : "sourcing",
				"text" : "Sourcing",
				"href" : "",
				"disabled":true
			}]
		},

		{
			"id" : "sellerPerf",
			"text" : "Seller Performance",
			"img" : "${BASE}/resources/images/user.png",
			"borderColor" : "#89ba20",
			"items" :
			[{
				"id" : "spd",
			    "href" : "javascript:window.open('http://spd.corp.ebay.com','_blank')",
			    "text" : "SPD"
			},
			{
				"id" : "amip",
			    "href" : "javascript:window.open('http://amip.corp.ebay.com', '_blank')",
			    "text" : "AMIP"
			}]
		}]
	}
}
