{
  "settings" : {
    "index" : {
      "number_of_shards" : 8,
      "number_of_replicas" : 1
    }
  },
  "mappings" : {
    "item" : {
      "_source" : { "enabled" : true },
      "properties" : {
        "ITEM_ID" : {
          "type" : "string",
          "index": "not_analyzed"
        },
        "URL" : {
          "type" : "string",
          "index": "no"
        },
        "SLR_ID" : {
          "type" : "string",
          "index": "not_analyzed"
        },
        "ITEM_SITE_ID" : {
          "type" : "string",
          "index": "not_analyzed"
        },
        "ACCT_MNGR_NAME" : {
          "type" : "string",
          "index": "not_analyzed"
        },
        "MRCHNT_NAME" : {
          "type" : "string",
          "index": "not_analyzed",
          "fields": {
            "sug": {
              "type": "completion",
              "analyzer": "simple"
            }
          }
        },
        "AUCT_TITL" : {
          "type" : "string",
          "index": "analyzed"
        },
        "PHOTO_COUNT" : {
          "type" : "float",
          "index": "not_analyzed"
        },
        "Auction_Type" : {
          "type" : "string",
          "index": "not_analyzed"
        },
        "AUCT_START_DT" : {
          "type" : "string",
          "index": "no"
        },
        "AUCT_END_DT" : {
          "type" : "string",
          "index": "no"
        },
        "Listing_Status" : {
          "type" : "string",
          "index": "not_analyzed"
        },
        "CURNT_PRICE_USD" : {
          "type" : "float",
          "index": "not_analyzed"
        },
        "Price_Tranche" : {
          "type" : "string",
          "index": "not_analyzed"
        },
        "MSRP" : {
          "type" : "string",
          "index": "not_analyzed"
        },
        "Price_Treatment" : {
          "type" : "string",
          "index": "not_analyzed"
        },
        "Free_Shipping" : {
          "type" : "string",
          "index": "not_analyzed"
        },
        "Returns_Accepted" : {
          "type" : "string",
          "index": "not_analyzed"
        },
        "HOLIDAY_RETURNS_YN" : {
          "type" : "string",
          "index": "not_analyzed"
        },
        "Returns_Window" : {
          "type" : "string",
          "index": "not_analyzed"
        },
        "Returns_Paid_By" : {
          "type" : "string",
          "index": "not_analyzed"
        },
        "Item_Condition" : {
          "type" : "string",
          "index": "not_analyzed"
        },
        "QTY_LISTED" : {
          "type" : "float",
          "index": "no"
        },
        "Days_LTS" : {
          "type" : "string",
          "index": "no"
        },
        "Total_Sold" : {
          "type" : "float",
          "index": "not_analyzed"
        },
        "QTY_AVAIL" : {
          "type" : "float",
          "index": "not_analyzed"
        },
        "META_CATEG_NAME" : {
          "type" : "string",
          "index": "not_analyzed"
        },
        "CATEG_LVL2_NAME" : {
          "type" : "string",
          "index": "not_analyzed"
        },
        "CATEG_LVL3_NAME" : {
          "type" : "string",
          "index": "not_analyzed"
        },
        "CATEG_LVL4_NAME" : {
          "type" : "string",
          "index": "not_analyzed"
        },
        "Brand" : {
          "type" : "string",
          "index": "not_analyzed",
          "fields": {
            "sug": {
              "type": "completion",
              "analyzer": "simple"
            }
          }
        },
        "Canada_Shipping" : {
          "type" : "string",
          "index": "not_analyzed"
        },
        "Best_Offer_Offered" : {
          "type" : "string",
          "index": "not_analyzed"
        },
        "Comp_Price_Status" : {
          "type" : "string",
          "index": "not_analyzed"
        },
        "VI_4LW" : {
          "type" : "float",
          "index": "not_analyzed"
        },
        "VI_3LW" : {
          "type" : "float",
          "index": "not_analyzed"
        },
        "VI_2LW" : {
          "type" : "float",
          "index": "not_analyzed"
        },
        "VI_1LW" : {
          "type" : "float",
          "index": "not_analyzed"
        },
        "VI_LW" : {
          "type" : "float",
          "index": "not_analyzed"
        },
        "VI_CNT_Past_60_Day" : {
          "type" : "float",
          "index": "not_analyzed"
        },
        "SI_4LW" : {
          "type" : "float",
          "index": "not_analyzed"
        },
        "SI_3LW" : {
          "type" : "float",
          "index": "not_analyzed"
        },
        "SI_2LW" : {
          "type" : "float",
          "index": "not_analyzed"
        },
        "SI_1LW" : {
          "type" : "float",
          "index": "not_analyzed"
        },
        "SI_LW" : {
          "type" : "float",
          "index": "not_analyzed"
        },
        "SI_60_Days" : {
          "type" : "float",
          "index": "not_analyzed"
        },
        "Conv_5WK_Ago" : {
          "type" : "float",
          "index": "not_analyzed"
        },
        "Conv_4WK_Ago" : {
          "type" : "float",
          "index": "not_analyzed"
        },
        "Conv_3WK_Ago" : {
          "type" : "float",
          "index": "not_analyzed"
        },
        "Conv_2WK_Ago" : {
          "type" : "float",
          "index": "not_analyzed"
        },
        "Conv_1WK_Ago" : {
          "type" : "float",
          "index": "not_analyzed"
        },
        "Conv_Over_60_Days" : {
          "type" : "float",
          "index": "not_analyzed"
        },
        "TRX_5WK_Ago" : {
          "type" : "float",
          "index": "not_analyzed"
        },
        "TRX_4WK_Ago" : {
          "type" : "float",
          "index": "not_analyzed"
        },
        "TRX_3WK_Ago" : {
          "type" : "float",
          "index": "not_analyzed"
        },
        "TRX_2WK_Ago" : {
          "type" : "float",
          "index": "not_analyzed"
        },
        "TRX_1WK_Ago" : {
          "type" : "float",
          "index": "not_analyzed"
        },
        "TRX_60_DAYS" : {
          "type" : "float",
          "index": "not_analyzed"
        },
        "GMV" : {
          "type" : "float",
          "index": "not_analyzed"
        },
        "GMV_Potential" : {
          "type" : "float",
          "index": "not_analyzed"
        },
        "EPID" : {
          "type" : "float",
          "index": "not_analyzed"
        },
        "PROD_TITLE" : {
          "type" : "string",
          "index": "no"
        },
        "TOP_PROD_IND" : {
          "type" : "string",
          "index": "not_analyzed"
        },
        "SHPMT_FEE_AMT" : {
          "type" : "string",
          "index": "not_analyzed"
        },
        "CTLG_NAME" : {
          "type" : "string",
          "index": "not_analyzed"
        },
        "ETRS_US_YN_IND" : {
          "type" : "string",
          "index": "not_analyzed"
        },
        "ETRS_UK_YN_IND" : {
          "type" : "string",
          "index": "not_analyzed"
        },
        "ETRS_DE_YN_IND" : {
          "type" : "string",
          "index": "not_analyzed"
        },
        "GTC_UP_FLAG" : {
          "type" : "string",
          "index": "not_analyzed"
        },
        "SLR_PRDCT_ID_TXT" : {
          "type" : "string",
          "index": "not_analyzed"
        },
        "LIVE_AUCTN_IND" : {
          "type" : "string",
          "index": "not_analyzed"
        },
        "ITEM_LOC" : {
          "type" : "string",
          "index": "not_analyzed"
        },
        "SELLER_MPN" : {
          "type" : "string",
          "index": "not_analyzed"
        },
        "SELLER_UPC" : {
          "type" : "string",
          "index": "not_analyzed"
        },
        "SELLER_ISBN" : {
          "type" : "string",
          "index": "not_analyzed"
        },
        "SELLER_EAN" : {
          "type" : "string",
          "index": "not_analyzed"
        },
        "GENDER" : {
          "type" : "string",
          "index": "not_analyzed"
        },
        "LOCAL_PICKUP_YN_IND" : {
          "type" : "string",
          "index": "not_analyzed"
        },
        "HNDLNG_DAY_NUM" : {
          "type" : "string",
          "index": "not_analyzed"
        },
        "RTRN_WNDW" : {
          "type" : "string",
          "index": "not_analyzed"
        },
        "RSTCKNG_FEE" : {
          "type" : "string",
          "index": "not_analyzed"
        },
        "NA_DEALS_LAST_60" : {
          "type" : "float",
          "index": "not_analyzed"
        },
        "EU_DEALS_LAST_60" : {
          "type" : "float",
          "index": "not_analyzed"
        },
        "ITEM_SOLD_QTY_LST_60" : {
          "type" : "float",
          "index": "not_analyzed"
        },
        "SUBSIDY_USD_AMT_LST_60" : {
          "type" : "float",
          "index": "not_analyzed"
        },
        "SUB_UNIT_LST_60" : {
          "type" : "float",
          "index": "not_analyzed"
        },
        "DEALS_VETTED_YN" : {
          "type" : "string",
          "index": "not_analyzed"
        },
        "BOB_SELLER_SGMNT_CD" : {
          "type" : "string",
          "index": "not_analyzed"
        },
        "DISCOUNT" : {
          "type" : "string",
          "index": "not_analyzed"
        },
        "EST_SALES_1W" : {
          "type" : "float",
          "index": "not_analyzed"
        },
        "WEEKS_OF_CVRG" : {
          "type" : "float",
          "index": "not_analyzed"
        },
        "BOB_SEGMENT" : {
          "type" : "string",
          "index": "not_analyzed"
        },
        "PARENT_SELLER_NAME" : {
          "type" : "string",
          "index": "not_analyzed"
        },
        "BOB_CNTRY_ID" : {
          "type" : "string",
          "index": "not_analyzed"
        },
        "BOB_VERTICAL" : {
          "type" : "string",
          "index": "not_analyzed"
        },
        "LAST_SALE_DATE" : {
          "type" : "string",
          "index": "not_analyzed"
        },
        "SALE_DURATIONSINDAYS" : {
          "type" : "string",
          "index": "not_analyzed"
        },
        "BIN_PRICE_USD" : {
          "type" : "float",
          "index": "not_analyzed"
        },
        "DEAL_SUBSIDY_YN" : {
          "type" : "string",
          "index": "not_analyzed"
        },
        "STRIKE_THRU_PRICE" : {
          "type" : "float",
          "index": "not_analyzed"
        },
        "SELLER_COUNTRY" : {
          "type" : "string",
          "index": "not_analyzed"
        },
        "GMV_5WK_Ago" : {
          "type": "float",
          "index": "not_analyzed"
        },
        "GMV_4WK_Ago" : {
          "type": "float",
          "index": "not_analyzed"
        },
        "GMV_3WK_Ago" : {
          "type": "float",
          "index": "not_analyzed"
        },
        "GMV_2WK_Ago" : {
          "type": "float",
          "index": "not_analyzed"
        },
        "GMV_1WK_Ago" : {
          "type": "float",
          "index": "not_analyzed"
        },
        "LEAF_CATEG_ID" : {
          "type": "string",
          "index": "not_analyzed"
        },
		"TRX_1_7_DAYS" : {
		  "type": "float",
		  "index": "not_analyzed"
		},
		"TRX_8_14_DAYS" : {
		  "type": "float",
		  "index": "not_analyzed"
		},
		"TRX_15_21_DAYS" : {
		  "type": "float",
		  "index": "not_analyzed"
		},
		"TRX_22_28_DAYS" : {
		  "type": "float",
		  "index": "not_analyzed"
		},
		"GMV_1_7_Days" : {
		  "type": "float",
		  "index": "not_analyzed"
		},
		"GMV_8_14_Days" : {
		  "type": "float",
		  "index": "not_analyzed"
		},
		"GMV_15_21_Days" : {
		  "type": "float",
		  "index": "not_analyzed"
		},
		"GMV_22_28_Days" : {
		  "type": "float",
		  "index": "not_analyzed"
		},
		"VI_CNT_1_7_days" : {
		  "type": "float",
		  "index": "not_analyzed"
		},
		"VI_CNT_8_14_days" : {
		  "type": "float",
		  "index": "not_analyzed"
		},
		"VI_CNT_15_21_days" : {
		  "type": "float",
		  "index": "not_analyzed"
		},
		"VI_CNT_22_28_days" : {
		  "type": "float",
		  "index": "not_analyzed"
		},
		"WATCH_CNT_5WK_Ago" : {
		  "type": "float",
		  "index": "not_analyzed"
		},
		"WATCH_CNT_4WK_Ago" : {
		  "type": "float",
		  "index": "not_analyzed"
		},
		"WATCH_CNT_3WK_Ago" : {
		  "type": "float",
		  "index": "not_analyzed"
		},
		"WATCH_CNT_2WK_Ago" : {
		  "type": "float",
		  "index": "not_analyzed"
		},
		"WATCH_CNT_1WK_Ago" : {
		  "type": "float",
		  "index": "not_analyzed"
		},
		"WATCH_CNT_1_7_Days" : {
		  "type": "float",
		  "index": "not_analyzed"
		},
		"WATCH_CNT_8_14_Days" : {
		  "type": "float",
		  "index": "not_analyzed"
		},
		"WATCH_CNT_15_21_Days" : {
		  "type": "float",
		  "index": "not_analyzed"
		},
		"WATCH_CNT_22_28_Days" : {
		  "type": "float",
		  "index": "not_analyzed"
		},
        "LEAF_CATEG_NAME" : {
            "type": "string",
            "index": "not_analyzed"
        },
        "COMP_PRICE" : {
          "type" : "nested",
          "properties": {
            "comp" : {"type": "string", "index": "not_analyzed" },
            "price"  : {"type": "float" },
            "discount"  : {"type": "float" }
          }
        },
        "COMP_DEAL" : {
          "type" : "nested",
          "properties": {
            "type" : {"type": "string", "index": "not_analyzed" }
          }
        },
        "AmazonURL" : {
          "type" : "string",
          "index": "no"
        }
      }
    }
  }
}
