<beans xmlns="http://www.springframework.org/schema/beans"
	xmlns:mvc="http://www.springframework.org/schema/mvc" xmlns:context="http://www.springframework.org/schema/context"
	xmlns:xsi="http://www.w3.org/2001/XMLSchema-instance"
	xmlns:cache="http://www.springframework.org/schema/cache"
	xmlns:p="http://www.springframework.org/schema/p" 
	xmlns:c="http://www.springframework.org/schema/c"
	xmlns:tx="http://www.springframework.org/schema/tx" 
	xmlns:aop="http://www.springframework.org/schema/aop"
	xsi:schemaLocation="
	 http://www.springframework.org/schema/beans
	 http://www.springframework.org/schema/beans/spring-beans-4.2.xsd
	 http://www.springframework.org/schema/mvc
	 http://www.springframework.org/schema/mvc/spring-mvc-4.2.xsd
	 http://www.springframework.org/schema/context
	 http://www.springframework.org/schema/context/spring-context-4.2.xsd
	 http://www.springframework.org/schema/cache
 	 http://www.springframework.org/schema/cache/spring-cache-4.2.xsd
	 http://www.springframework.org/schema/tx
	 http://www.springframework.org/schema/tx/spring-tx.xsd
	 http://www.springframework.org/schema/aop
	 http://www.springframework.org/schema/aop/spring-aop.xsd">

	<context:component-scan base-package="com.ebay.bis.gro" />

	<bean
		class="org.springframework.web.servlet.view.InternalResourceViewResolver">
		<property name="prefix">
			<value>/WEB-INF/views/</value>
		</property>
		<property name="suffix">
			<value>.jsp</value>
		</property>
	</bean>

	<mvc:resources mapping="/resources/**" location="/resources/" />
	
	<mvc:interceptors>
		<mvc:interceptor>
			<mvc:mapping path="/home/**" />
			<mvc:mapping path="/report/**" />
			<mvc:mapping path="/permission/**" />
			<mvc:mapping path="/admin/**" />
			<mvc:mapping path="/categoryservice/**" />
			<mvc:exclude-mapping path="/permission/pubsvc/**" />
			<bean class="com.ebay.bis.gro.interceptor.AuthCheckInterceptor" />
		</mvc:interceptor>
		
		<mvc:interceptor>
			<mvc:mapping path="/home/**" />
			<mvc:mapping path="/report/**" />
			<mvc:mapping path="/permission/**" />
			<mvc:mapping path="/admin/**" />
			<mvc:exclude-mapping path="/permission/pubsvc/**" />
			<mvc:exclude-mapping path="/report/category_performance/**" />
			<bean class="com.ebay.bis.gro.interceptor.PermissionCheckInterceptor" />
		</mvc:interceptor>
		
		
		<mvc:interceptor>
			<mvc:mapping path="/report/category_performance/**" />
			<mvc:mapping path="/categoryservice/**" />
			<bean class="com.ebay.bis.gro.interceptor.LevelPermissionCheckInterceptor" p:allowLevels="1,2"/>
		</mvc:interceptor>
		
		<!-- 
		<mvc:interceptor>
			<mvc:mapping path="/latestmessage/**" />
			<bean class="com.ebay.bis.gro.interceptor.ServiceAuthCheckInterceptor" />
		</mvc:interceptor>
		-->
		
	</mvc:interceptors>
	

	<bean id="cacheManager" class="org.springframework.cache.ehcache.EhCacheCacheManager"
		p:cache-manager-ref="ehcache" />

	<bean id="ehcache"
		class="org.springframework.cache.ehcache.EhCacheManagerFactoryBean"
		p:configLocation="classpath:ehcache.xml" />

	<bean id="dataSource" class="com.mchange.v2.c3p0.ComboPooledDataSource"
		p:driverClass="com.mysql.jdbc.Driver" p:jdbcUrl="${jdbc.url}"
		p:user="${jdbc.username}" p:password="${jdbc.password}"
		p:initialPoolSize="${jdbc.initialPoolSize}" p:maxIdleTime="${jdbc.maxIdleTime}"
		p:acquireIncrement="${jdbc.acquireIncrement}" p:minPoolSize="${jdbc.minPoolSize}"
		p:idleConnectionTestPeriod="${jdbc.idleConnectionTestPeriod}"
		p:maxPoolSize="${jdbc.maxPoolSize}" p:maxStatements="${jdbc.maxStatements}" />

	<bean id="jdbcTemplate" class="org.springframework.jdbc.core.JdbcTemplate" p:dataSource-ref="dataSource" />

	<bean id="namedJdbcTemplate" class="org.springframework.jdbc.core.namedparam.NamedParameterJdbcTemplate" c:classicJdbcTemplate-ref="jdbcTemplate" />

	<bean id="transactionManager"
		class="org.springframework.jdbc.datasource.DataSourceTransactionManager"
		p:dataSource-ref="dataSource" />

	<mvc:annotation-driven />
	<!-- enable transaction demarcation with annotations -->
  	<tx:annotation-driven transaction-manager="transactionManager" />
	<cache:annotation-driven />

<!--
	<tx:advice id="txAdvice" transaction-manager="transactionManager">
		<tx:attributes>
			<tx:method name="query*"  read-only="true"/>
			<tx:method name="add*"  />
			<tx:method name="delete*"  />
		</tx:attributes>
	</tx:advice>

	<aop:config>
		<aop:pointcut id="interceptorPointCuts"
			expression="execution(* com.ebay.bis.gro.dao.*.*(..))" />
		<aop:advisor advice-ref="txAdvice" pointcut-ref="interceptorPointCuts" />
	</aop:config>
-->

</beans>

