<?xml version="1.0" encoding="UTF-8"?>
<Configuration status="trace" monitorInterval="30">
  <Appenders>
    <Console name="Console" target="SYSTEM_OUT">
      <PatternLayout pattern="%d{HH:mm:ss.SSS} [%t] %-5level %logger{36} - %msg%n"/>
    </Console>
  </Appenders>
  <Loggers>
    <Root level="${LOG_LEVEL}">
      <AppenderRef ref="Console"/>
    </Root>
    
    <!-- 
    <Logger name="com.ebay.bis.gro.utils.GroToken" level="WARN" additivity="false">
      <AppenderRef ref="Console"/>
    </Logger>
    <Logger name="org.springframework.jdbc.core" level="WARN" additivity="false">
      <AppenderRef ref="Console"/>
    </Logger>
    -->
  </Loggers>
</Configuration>