<assembly>
    <id>binary</id>
    <formats>
        <format>zip</format>
    </formats>
    <files>
        <file>
            <source>${basedir}/src/main/scripts/conf/index_schema.json</source>
            <outputDirectory>conf</outputDirectory>
            <lineEnding>unix</lineEnding>
            <filtered>true</filtered>
        </file>
        <file>
            <source>${basedir}/src/main/scripts/pigs/invSelClean.pig</source>
            <outputDirectory>pigs</outputDirectory>
            <lineEnding>unix</lineEnding>
            <filtered>true</filtered>
        </file>
        <file>
            <source>${basedir}/src/main/scripts/pigs/invSelEPID.pig</source>
            <outputDirectory>pigs</outputDirectory>
            <lineEnding>unix</lineEnding>
            <filtered>true</filtered>
        </file>
        <file>
            <source>${basedir}/src/main/scripts/datas/folder_file</source>
            <outputDirectory>datas</outputDirectory>
            <lineEnding>unix</lineEnding>
            <filtered>true</filtered>
        </file>
        <file>
            <source>${basedir}/src/main/scripts/bin/iis.sh</source>
            <outputDirectory>bin</outputDirectory>
            <lineEnding>unix</lineEnding>
            <fileMode>0755</fileMode>
            <filtered>true</filtered>
        </file>
        <file>
            <source>${basedir}/src/main/scripts/bin/run.sh</source>
            <outputDirectory>bin</outputDirectory>
            <lineEnding>unix</lineEnding>
            <fileMode>0755</fileMode>
            <filtered>true</filtered>
        </file>
         <file>
            <source>${basedir}/src/main/scripts/bin/eqLoad.sh</source>
            <outputDirectory>bin</outputDirectory>
            <lineEnding>unix</lineEnding>
            <fileMode>0755</fileMode>
            <filtered>true</filtered>
        </file>
        <file>
            <source>${basedir}/src/main/scripts/bin/gro_event_quality.sql</source>
            <outputDirectory>bin</outputDirectory>
            <lineEnding>unix</lineEnding>
            <fileMode>0644</fileMode>
            <filtered>true</filtered>
        </file>
   </files>
    <includeBaseDirectory>false</includeBaseDirectory>
    <dependencySets>
        <dependencySet>
            <unpack>false</unpack>
            <scope>runtime</scope>
            <outputDirectory>lib</outputDirectory>
            <excludes>
                <exclude>${groupId}:${artifactId}</exclude>
            </excludes>
        </dependencySet>
        <dependencySet>
            <outputDirectory>.</outputDirectory>
            <includes>
                <include>${groupId}:${artifactId}</include>
            </includes>
        </dependencySet>
    </dependencySets>
</assembly>
